,Sample_type,average
1,UT,189.3333333
2,ULRT,388
3,ALRT,342.3333333
