,Sample_type,average
1,UT,1391.938145
2,ULRT,1140.383108
3,ALRT,346.9269599
